{
  "version": 1,
  "author": "Sowdeswari S",
  "editor": "wokwi",
  "parts": [
    { "type": "board-esp32-devkit-c-v4", "id": "esp", "top": 0, "left": 0, "attrs": {} },
    {
      "type": "wokwi-pir-motion-sensor",
      "id": "pir1",
      "top": -15.2,
      "left": -141.78,
      "attrs": {}
    },
    {
      "type": "wokwi-led",
      "id": "led1",
      "top": 15.6,
      "left": -226.6,
      "attrs": { "color": "red" }
    },
    { "type": "wokwi-relay-module", "id": "relay1", "top": -134.2, "left": 86.4, "attrs": {} },
    {
      "type": "wokwi-resistor",
      "id": "r1",
      "top": 176.75,
      "left": -211.2,
      "attrs": { "value": "300" }
    }
  ],
  "connections": [
    [ "esp:TX", "$serialMonitor:RX", "", [] ],
    [ "esp:RX", "$serialMonitor:TX", "", [] ],
    [ "pir1:VCC", "esp:5V", "red", [ "v0" ] ],
    [ "pir1:GND", "esp:GND.2", "black", [ "v19.2", "h57.34", "v-124.8", "h9.6" ] ],
    [ "pir1:OUT", "esp:14", "green", [ "v0" ] ],
    [ "relay1:VCC", "esp:3V3", "red", [ "h0" ] ],
    [ "relay1:GND", "esp:GND.3", "black", [ "h-38.4", "v57.2", "h67.2" ] ],
    [ "relay1:IN", "esp:5", "green", [ "h-19.2", "v28.6", "h96", "v48" ] ],
    [ "led1:A", "esp:12", "green", [ "v86.4", "h201.6" ] ],
    [ "led1:C", "r1:1", "green", [ "v124.8", "h0.4" ] ],
    [ "r1:2", "esp:GND.1", "green", [ "v0" ] ]
  ],
  "dependencies": {}
}